file_number,pulse_number,time_difference,threshold
1,63,16,-150
1,86,2064,-150
1,203,1328,-477.5
1,351,16,-150
1,632,16,-150
1,844,16,-150
1,908,112,-286.5
1,1241,648,-150
1,1247,1992,-150
1,1251,16,-150
1,1557,176,-164.0
1,1634,1256,-494.0
1,2086,528,-150
1,2088,560,-238.5
1,2252,3584,-330.5
1,2453,2760,-154.0
1,2500,496,-150
1,2579,2232,-150
1,2847,24,-186.5
1,2903,2744,-150
1,2910,680,-1776.5
1,2958,2528,-150
1,2968,3240,-255.5
1,3090,2264,-450.0
1,3228,3312,-298.5
1,3566,1680,-195.5
1,3573,1632,-150
1,3613,1072,-150
1,3626,1464,-604.5
1,3792,16,-150
1,3923,16,-150
1,3982,1632,-150
1,4033,16,-150
1,4206,4312,-288.0
1,4303,24,-150
1,4680,1800,-150
1,4718,232,-150
1,5022,2960,-385.0
1,5517,1008,-150
1,5623,1432,-150
1,5832,600,-469.0
1,6179,1960,-203.5
1,6237,5240,-150
1,6441,440,-150
1,6651,5360,-274.0
1,6709,2144,-150
1,6908,8760,-150
1,7259,1288,-150
1,7316,6456,-1810.5
1,7401,2272,-170.5
1,7409,24,-150
1,7614,24,-175.5
1,7904,568,-150
1,8252,16,-150
1,8306,96,-150
1,8322,8384,-225.0
1,8596,1368,-788.5
1,8704,3408,-249.5
1,9070,232,-150
1,9072,104,-150
1,9110,2240,-150
1,9126,128,-597.0
1,9203,1616,-150
1,9231,600,-158.0
1,9245,16,-150
1,9258,16,-150
1,9319,16,-150
1,9375,1128,-150
1,9680,1912,-679.0
1,9741,3200,-288.0
1,9784,1096,-324.0
1,10024,112,-497.0
1,10080,16,-150
1,10379,112,-249.5
1,10426,800,-150
1,10469,1472,-321.5
1,10497,16,-192.0
1,10605,24,-254.5
1,10616,4120,-150
1,10802,712,-150
1,11009,16,-414.0
1,11196,5832,-200.0
1,11342,1656,-1128.5
1,11457,24,-150
1,11856,1784,-150
1,12040,1376,-150
1,12059,1680,-295.0
1,12101,152,-574.0
1,12209,320,-150
1,12407,2480,-685.0
1,12460,1592,-444.5
1,12497,16,-150
1,12599,4888,-150
1,12843,16,-165.5
1,12920,40,-150
1,12983,4280,-150
1,12996,6032,-402.5
1,13204,2688,-163.0
1,13564,16,-150
1,14042,24,-153.5
1,14151,800,-473.0
1,14182,2112,-267.5
1,14328,16,-223.0
1,14378,2408,-150
1,14469,1304,-150
1,14572,2208,-150
1,14719,656,-150
1,14774,24,-150
1,14780,1520,-150
1,14781,1784,-150
1,14882,1352,-155.5
1,14934,552,-462.0
1,15159,1848,-150
1,15376,7696,-150
1,15406,3648,-150
1,15884,1544,-150
1,15970,16,-199.0
1,15988,624,-252.5
1,16015,16,-150
1,16070,24,-189.0
1,16164,5904,-150
1,16228,24,-195.0
1,16312,3200,-204.0
1,16475,592,-150
1,16769,2664,-1295.5
1,16964,16,-150
1,17034,16,-195.5
1,17095,1544,-1198.5
1,17118,3272,-445.0
1,17266,7784,-150
1,17315,888,-150
1,17456,712,-195.0
1,17546,4808,-150
1,17577,16,-150
1,17644,1624,-150
1,17940,16,-256.5
1,17963,2952,-150
1,17977,5216,-256.5
1,18290,1392,-214.5
1,18455,1744,-150
1,18689,16,-175.5
1,18738,520,-265.5
1,18770,3280,-200.5
1,18893,16,-228.0
1,19133,1360,-476.5
1,19315,624,-559.5
1,19334,952,-150
1,19533,24,-198.5
1,19584,112,-150
1,20196,4128,-194.5
1,20457,1568,-150
1,20558,8400,-242.5
1,20600,544,-150
1,20714,16,-192.0
1,20733,24,-150
1,21143,552,-150
1,21341,6192,-235.0
1,21535,816,-280.5
1,21733,2432,-150
1,21748,1536,-150
1,21756,16,-150
1,22164,336,-398.0
1,22259,7728,-150
1,22427,2904,-360.5
1,22665,16,-150
1,22764,2104,-323.5
1,22861,5168,-150
1,22905,24,-150
1,23207,7744,-982.5
1,23436,1808,-150
1,23498,2960,-150
1,23571,1616,-150
1,23718,24,-374.5
1,23742,24,-174.5
1,23889,208,-235.5
1,23948,24,-155.0
1,23985,3192,-150
1,23994,120,-703.0
1,24092,2976,-150
1,24150,24,-150
1,24209,2368,-150
1,24222,24,-150
1,24455,2704,-150
1,24701,792,-150
1,24770,16,-150
1,24816,1368,-150
1,24866,2184,-157.0
1,24901,56,-398.0
1,24977,16,-448.5
1,25170,16,-150
1,25186,1256,-150
1,25386,336,-360.0
1,25398,1320,-229.0
1,25434,2072,-468.0
1,25460,6800,-150
1,25486,16,-150
1,25727,24,-150
1,25800,7088,-150
1,25889,16,-150
1,25896,6552,-150
1,25915,2304,-258.5
1,25928,16,-158.5
1,25954,168,-150
1,26029,944,-150
1,26248,16,-150
1,26262,1096,-207.5
1,26627,4816,-150
1,26628,16,-150
1,26909,56,-226.0
1,27138,16,-150
1,27178,2240,-224.0
1,27341,616,-321.0
1,27430,32,-150
1,27473,24,-200.5
1,27638,24,-356.0
1,28169,16,-767.0
1,28293,2632,-164.5
1,28325,936,-541.0
1,28345,2288,-323.5
1,28530,16,-150
1,28564,1208,-150
1,28998,24,-596.0
1,29052,2864,-150
1,29270,1736,-445.0
1,29562,512,-150
1,29832,2512,-331.0
1,29972,8392,-186.5
1,30178,16,-150
1,30357,872,-245.5
1,30566,7000,-150
1,30699,24,-150
1,31011,16,-270.5
1,31097,5408,-315.0
1,31172,7144,-150
1,31199,496,-211.5
1,31264,24,-190.5
1,31308,16,-257.5
1,31426,24,-150
1,31434,16,-289.0
1,32075,24,-150
1,32515,6408,-150
1,32516,3216,-559.5
1,32543,1376,-357.5
1,32621,480,-151.5
1,32658,7048,-150
1,32706,336,-150
1,32750,24,-150
1,32831,16,-150
1,32987,2976,-169.0
1,33029,1560,-583.0
1,33092,128,-150
1,33173,16,-344.5
1,33357,1848,-243.0
1,33369,16,-356.0
1,33437,2472,-174.5
1,33660,48,-231.5
1,34023,24,-151.5
1,34061,24,-226.0
1,34096,16,-150
1,34113,1920,-235.0
1,34181,16,-354.5
1,34252,16,-150
1,34255,368,-339.0
1,34322,4368,-993.0
1,34343,24,-150
1,34447,248,-150
1,34656,16,-150
1,34678,4808,-150
1,35124,264,-162.0
1,35141,1632,-150
1,35521,2784,-592.0
1,35524,2488,-150
1,35830,16,-150
1,36070,24,-174.0
1,36235,88,-251.0
1,36516,16,-189.5
1,36536,24,-154.5
1,36712,16,-160.5
1,36714,2152,-713.5
1,37017,4216,-150
1,37036,16,-157.0
1,37552,3088,-150
1,37710,7088,-150
1,37868,1248,-161.5
1,37995,672,-704.0
1,38334,24,-150
1,38406,848,-245.5
1,38466,512,-597.5
1,38531,1480,-501.5
1,38671,16,-150
1,38745,3384,-207.5
1,38863,8704,-150
1,38879,24,-150
1,38884,2296,-155.0
1,39141,664,-314.5
1,39284,1536,-150
1,39323,4496,-455.0
1,39477,4512,-272.5
1,39558,624,-150
1,39560,688,-150
1,39566,32,-212.5
1,39643,240,-150
1,39791,6016,-403.0
1,39886,16,-181.5
1,39953,728,-150
1,40114,144,-150
1,40234,16,-455.0
1,40413,2208,-150
1,40456,1688,-150
1,40559,1472,-440.5
1,40618,16,-198.0
1,40666,1624,-181.0
1,40822,992,-629.5
1,41170,968,-389.0
1,41222,432,-150
1,41248,1600,-235.5
1,41290,16,-150
1,41662,1440,-150
1,41882,24,-212.0
1,42024,320,-150
1,42719,3280,-596.0
1,42771,5584,-150
1,43091,512,-580.5
1,43355,24,-190.5
1,43543,16,-367.5
1,43617,344,-150
1,43847,2288,-156.5
1,43850,552,-295.0
1,43921,296,-497.5
1,43974,2784,-2088.0
1,44103,1320,-150
1,44235,1544,-235.5
1,44250,16,-184.0
1,44327,656,-624.0
1,44336,1784,-150
1,44407,104,-282.5
1,44638,2024,-150
1,45012,1464,-443.5
1,45205,16,-150
1,45353,7272,-159.5
1,45394,1992,-183.5
1,45492,16,-150
1,45516,16,-150
1,45573,4480,-604.0
1,45713,48,-289.0
1,45769,232,-401.0
1,45837,592,-229.0
1,45899,888,-265.5
1,45911,1544,-150
1,46122,1928,-150
1,46126,16,-150
1,46241,40,-150
1,46310,1808,-150
1,46361,200,-371.5
1,46475,16,-150
1,46592,7744,-992.5
1,46616,208,-150
1,46662,1864,-150
1,47188,16,-150
1,47192,1808,-185.0
1,47353,216,-238.5
1,47375,1040,-213.5
1,47430,944,-568.5
1,47454,512,-150
1,47533,24,-168.5
1,47536,16,-171.0
1,47691,16,-150
1,47801,8288,-150
1,47840,2496,-150
1,47855,1952,-150
1,47949,1360,-150
1,48132,760,-150
1,48207,3240,-150
1,48310,4152,-365.5
1,48325,3792,-150
1,48344,4760,-393.0
1,48350,16,-202.0
1,48377,1008,-621.5
1,48400,112,-618.0
1,48459,2952,-150
1,48502,16,-150
1,48571,3672,-212.5
1,48623,16,-150
1,48699,2040,-150
1,48726,16,-204.5
1,48768,1088,-497.0
1,48976,16,-187.5
1,49030,2904,-150
1,49238,24,-150
1,49476,2232,-260.0
1,49574,16,-197.5
1,49691,520,-406.0
1,50288,1048,-195.0
1,50416,1656,-150
1,50478,6192,-150
1,50618,3616,-158.5
1,50700,1680,-150
1,50750,2568,-1023.5
1,51019,2304,-150
1,51035,312,-150
1,51240,2088,-911.0
1,51474,16,-150
1,51589,1264,-546.0
1,51590,1096,-154.5
1,52151,16,-150
1,52531,16,-150
1,52535,16,-150
1,52641,2344,-150
1,52885,1848,-150
1,53052,3912,-425.0
1,53152,56,-804.0
1,53231,2896,-183.0
1,53244,1864,-287.0
1,53469,616,-150
1,53615,16,-150
1,53663,3304,-150
1,54018,6472,-150
1,54133,5736,-299.0
1,54175,16,-150
1,54213,536,-323.5
1,54243,4168,-279.0
1,54261,24,-170.0
1,54398,4512,-150
1,54673,24,-150
1,54715,4320,-150
1,54725,6200,-155.5
1,54789,2952,-150
1,54827,16,-150
1,54856,1424,-194.5
1,54996,1432,-314.5
1,55029,1104,-212.0
1,55059,24,-182.5
1,55092,672,-244.5
1,55437,16,-182.5
1,55479,6496,-150
1,55480,4824,-475.5
1,55583,2008,-214.5
1,55858,3728,-301.5
1,55928,24,-237.5
1,55970,4536,-286.0
1,56224,1440,-582.0
1,56299,16,-319.5
1,56309,784,-321.5
1,56365,16,-150
1,56380,144,-463.5
1,56426,5808,-150
1,56514,792,-203.5
1,56534,3688,-150
1,56790,1984,-150
1,57265,2480,-150
1,57365,5120,-150
1,57409,1584,-174.5
1,57535,24,-150
1,57732,520,-150
1,57933,16,-150
1,57952,16,-221.0
1,57976,1296,-150
1,57999,56,-550.0
1,58154,136,-314.5
1,58535,16,-223.5
1,58663,16,-150
1,58714,2856,-290.5
1,58790,1568,-150
1,58835,16,-150
1,58870,16,-150
1,58964,552,-157.0
1,59045,88,-529.0
1,59088,2536,-150
1,59132,2808,-267.5
1,59525,5256,-311.5
1,59648,5504,-150
1,59694,4592,-489.0
1,59726,16,-218.5
1,59804,16,-199.5
1,59870,16,-447.5
2,163,24,-196.0
2,322,1928,-172.5
2,358,4096,-676.0
2,482,1056,-150
2,977,2864,-644.5
2,1003,608,-150
2,1295,880,-303.5
2,1341,816,-879.0
2,1345,2416,-563.0
2,1346,24,-150
2,1674,24,-160.0
2,1709,1200,-405.0
2,1830,4512,-150
2,1974,88,-584.5
2,2003,4152,-150
2,2034,16,-150
2,2126,4904,-231.5
2,2160,8584,-150
2,2164,528,-427.0
2,2367,1616,-749.0
2,2471,16,-410.5
2,2496,2576,-150
2,2558,3744,-150
2,3135,16,-150
2,3137,4448,-150
2,3252,552,-150
2,3269,576,-150
2,3296,1024,-150
2,3304,1480,-150
2,3314,760,-185.5
2,3381,16,-246.5
2,3382,16,-163.5
2,3593,16,-208.0
2,3729,392,-150
2,3915,280,-197.5
2,3938,256,-231.0
2,4341,712,-150
2,4414,16,-150
2,4456,24,-150
2,4616,3280,-258.0
2,4617,2512,-341.5
2,4733,24,-150
2,4860,16,-178.0
2,5080,1048,-808.0
2,5511,16,-150
2,5701,1360,-185.5
2,5873,1080,-177.0
2,5875,16,-251.5
2,5908,16,-167.5
2,6065,536,-178.5
2,6272,968,-298.5
2,6322,824,-150
2,6424,408,-484.0
2,6437,16,-150
2,6495,24,-155.0
2,6562,856,-173.5
2,6632,648,-150
2,6645,16,-231.0
2,6859,1256,-534.5
2,6875,1784,-3155.0
2,6969,24,-190.0
2,6986,6736,-150
2,7189,24,-163.5
2,7249,16,-166.5
2,7870,16,-150
2,7905,192,-373.5
2,7907,352,-488.5
2,8158,5736,-627.0
2,8195,136,-150
2,8260,408,-1303.5
2,8318,2504,-150
2,8532,24,-152.0
2,8555,3048,-711.0
2,8623,16,-150
2,8647,1504,-150
2,8882,2336,-184.0
2,8930,832,-162.0
2,8963,16,-150
2,9091,24,-150
2,9203,6904,-150
2,9248,24,-156.0
2,9265,2728,-718.0
2,9267,16,-150
2,9531,464,-435.5
2,9625,24,-150
2,10134,16,-150
2,10344,3280,-345.5
2,10369,16,-150
2,10565,16,-150
2,10711,1912,-150
2,10768,16,-190.5
2,10808,2016,-321.0
2,10816,16,-150
2,10993,856,-198.5
2,11054,464,-241.5
2,11395,2128,-376.0
2,11492,7352,-150
2,11493,1840,-162.0
2,11761,168,-154.0
2,11910,1272,-150
2,12152,1800,-188.5
2,12266,1672,-150
2,12728,24,-283.0
2,12743,32,-488.0
2,12811,1208,-260.5
2,12990,2904,-153.0
2,12998,16,-187.5
2,13066,528,-339.0
2,13263,5824,-208.0
2,13355,2936,-151.0
2,13697,328,-150
2,13760,24,-817.5
2,13800,904,-407.0
2,13827,128,-150
2,13868,6344,-150
2,13964,256,-265.0
2,14155,24,-150
2,14531,3688,-459.0
2,14546,2352,-150
2,14566,408,-288.0
2,14576,7792,-150
2,14599,16,-150
2,14857,16,-260.0
2,14898,24,-150
2,14943,5096,-355.0
2,15011,24,-157.0
2,15144,16,-184.0
2,15194,288,-150
2,15253,1864,-150
2,15481,24,-150
2,15515,360,-150
2,15595,1208,-150
2,15814,24,-150
2,15957,2600,-150
2,16179,1408,-463.5
2,16326,24,-168.0
2,16532,1496,-200.5
2,16702,16,-200.5
2,16953,680,-150
2,17523,1296,-635.5
2,17593,3040,-207.5
2,17970,16,-155.0
2,18003,8352,-150
2,18130,176,-150
2,18254,3816,-150
2,18650,136,-150
2,18687,120,-150
2,18748,7128,-150
2,18773,848,-150
2,18822,6408,-328.0
2,18964,2752,-263.0
2,19128,6928,-366.0
2,19148,16,-179.5
2,19208,744,-150
2,19328,2792,-296.5
2,19397,16,-150
2,19424,1896,-150
2,19455,152,-261.0
2,19659,4072,-150
2,19787,16,-150
2,19947,384,-196.5
2,20066,2256,-372.0
2,20112,1712,-150
2,20284,16,-150
2,20360,16,-150
2,20593,16,-435.5
2,21389,1624,-150
2,21489,1704,-190.5
2,21729,1264,-231.5
2,21937,3424,-153.0
2,21991,16,-161.5
2,22391,16,-156.0
2,22399,4576,-150
2,22509,520,-618.5
2,22651,944,-434.0
2,22699,24,-166.5
2,22775,1464,-154.0
2,23309,16,-150
2,23524,2072,-150
2,23581,352,-425.0
2,23713,2048,-180.5
2,23751,776,-216.5
2,23758,16,-150
2,23851,24,-150
2,23930,24,-150
2,23965,16,-150
2,24057,1656,-150
2,24070,952,-464.5
2,24408,2440,-150
2,24632,544,-673.5
2,24736,592,-150
2,24818,392,-491.0
2,25001,192,-150
2,25182,408,-308.0
2,25226,32,-151.5
2,25346,3216,-339.5
2,25513,16,-150
2,25598,1352,-188.5
2,25724,2944,-150
2,25906,392,-150
2,25961,24,-150
2,26135,3056,-410.0
2,26268,3552,-534.5
2,26287,24,-150
2,26329,1640,-150
2,26338,3280,-150
2,26707,784,-150
2,26725,6640,-150
2,26897,1576,-150
2,27083,1544,-152.5
2,27165,2728,-150
2,27241,2576,-249.0
2,27310,320,-150
2,27365,4280,-150
2,27394,1248,-217.5
2,27396,3712,-157.5
2,27470,816,-200.0
2,27839,1640,-166.5
2,27848,16,-206.5
2,27879,24,-168.5
2,27899,1296,-150
2,28126,1488,-428.0
2,28320,16,-150
2,28345,16,-150
2,28573,24,-150
2,28614,224,-150
2,28675,5224,-605.5
2,28679,16,-150
2,28764,2040,-150
2,28916,2136,-168.5
2,28991,16,-150
2,29006,1168,-150
2,29137,16,-150
2,29455,4480,-150
2,29464,2216,-167.0
2,29536,4128,-603.5
2,29541,1248,-183.5
2,29689,2936,-211.0
2,29797,336,-398.5
2,29984,8200,-662.5
2,30092,704,-190.5
2,30177,5152,-727.5
2,30538,24,-169.0
2,30732,24,-181.0
2,30750,16,-150
2,30831,24,-150
2,31321,2200,-150
2,31580,1992,-565.5
2,31622,616,-150
2,31633,3760,-475.5
2,31737,24,-172.5
2,31880,16,-150
2,32154,408,-150
2,32386,1248,-150
2,32397,40,-150
2,32488,2264,-150
2,32539,504,-150
2,32577,216,-150
2,32790,1752,-743.0
2,32831,216,-639.0
2,32952,1408,-278.0
2,33119,2112,-150
2,33262,16,-220.0
2,33652,24,-196.5
2,33684,1688,-150
2,33706,16,-150
2,33711,784,-166.0
2,33828,7352,-434.0
2,33835,192,-831.0
2,33873,48,-150
2,33961,16,-203.5
2,34540,760,-385.5
2,34715,6184,-165.0
2,34719,272,-279.0
2,35605,496,-150
2,35887,1184,-150
2,36054,1640,-150
2,36077,24,-189.5
2,36090,2184,-266.5
2,36121,24,-194.5
2,36125,3792,-242.0
2,36193,8352,-150
2,36245,6320,-150
2,36280,16,-150
2,36502,152,-153.5
2,36711,6128,-217.0
2,36780,16,-173.0
2,36910,848,-454.5
2,37038,4480,-150
2,37048,2320,-249.5
2,37184,2776,-510.5
2,37337,16,-150
2,37513,368,-150
2,37604,640,-225.0
2,37853,16,-150
2,37948,16,-227.5
2,38157,3048,-150
2,38677,3984,-963.5
2,38863,8488,-150
2,38917,1632,-235.5
2,39037,8312,-150
2,39186,896,-542.5
2,39195,320,-150
2,39247,16,-150
2,39289,3240,-517.0
2,39433,1480,-504.5
2,39542,4184,-150
2,39608,1544,-337.0
2,39629,928,-268.5
2,39844,1888,-163.0
2,39882,280,-186.5
2,39896,928,-150
2,40024,16,-150
2,40199,5776,-150
2,40277,1104,-331.0
2,40297,24,-157.0
2,40739,2568,-150
2,40773,2232,-271.5
2,40943,24,-291.0
2,40984,40,-150
2,41114,4736,-368.0
2,41370,16,-360.0
2,41468,16,-150
2,41620,16,-150
2,41950,5736,-150
2,42107,2200,-378.0
2,42160,128,-150
2,42224,16,-150
2,42264,488,-150
2,42405,7528,-150
2,42635,96,-180.5
2,42681,2552,-150
2,43166,1088,-150
2,43318,16,-183.0
2,43319,928,-154.0
2,43403,24,-150
2,43677,2688,-150
2,43826,2800,-150
2,44091,1832,-215.5
2,44168,16,-163.5
2,44175,1896,-150
2,44340,1520,-183.5
2,44669,24,-318.5
2,44829,3096,-2495.5
2,44907,3256,-365.0
2,44979,1024,-218.0
2,45225,456,-154.5
2,45306,176,-150
2,45616,4392,-150
2,45632,736,-150
2,46054,1616,-178.0
2,46431,1120,-492.0
2,46843,5176,-368.5
2,46862,16,-150.5
2,46882,1816,-165.0
2,46892,16,-154.5
2,47248,576,-387.5
2,47280,1440,-386.0
2,47384,2304,-150
2,47538,16,-150
2,47712,3568,-150
2,47801,16,-150
2,47864,16,-170.0
2,47882,1320,-150
2,48338,5656,-542.5
2,48421,1256,-150
2,48609,32,-150
2,48626,600,-167.5
2,48687,2048,-150
2,48726,16,-150
2,48750,368,-319.5
2,48829,544,-150
2,49224,2392,-187.5
2,49367,24,-220.0
2,49733,1776,-150
2,50561,16,-150
2,50614,6304,-150
2,50805,16,-150
2,50911,448,-535.5
2,50928,16,-393.5
2,50964,16,-150
2,51168,16,-177.0
2,51493,5200,-204.0
2,51551,24,-150
2,51792,16,-150
2,51820,912,-150
2,51962,6608,-150
2,52172,2720,-481.0
2,52234,3832,-150
2,52480,7536,-154.5
2,52674,1880,-249.5
2,52770,16,-192.0
2,52771,848,-150
2,53000,1744,-150
2,53383,248,-225.5
2,53386,7664,-543.0
2,53691,2352,-523.5
2,53713,1896,-150
2,53807,16,-150
2,53918,5976,-150
2,53936,2136,-150
2,54106,1608,-177.0
2,54484,8464,-167.0
2,54548,2784,-441.0
2,54579,16,-193.0
2,54616,16,-238.5
2,54627,696,-282.5
2,55460,6560,-150
2,55537,16,-150
2,55802,24,-221.5
2,55887,136,-150
2,55889,72,-231.0
2,55954,16,-181.0
2,56369,3928,-150
2,56472,1104,-206.0
2,56513,152,-181.5
2,56628,1336,-150
2,56721,3120,-150
2,56730,1608,-150
2,56800,3400,-408.5
2,56903,24,-150
2,57132,3248,-159.5
2,57148,3712,-150
2,57316,1376,-265.0
2,57378,1704,-150
2,57493,4360,-1027.0
2,57597,80,-322.5
2,57620,16,-150
2,57866,1576,-277.0
2,58059,16,-291.0
2,58370,16,-150
2,58466,5936,-207.5
2,58595,16,-150
2,58640,56,-150
2,58665,24,-186.0
2,58697,1040,-259.0
2,58957,4784,-447.5
2,59006,3024,-150
2,59039,1048,-410.0
2,59422,24,-153.0
2,59560,1800,-150
2,59790,3904,-150
2,59886,24,-150
2,59948,4976,-294.5
3,107,544,-150
3,214,96,-414.5
3,248,1152,-356.5
3,487,2576,-748.5
3,503,4904,-153.0
3,536,8360,-156.0
3,832,16,-150
3,952,24,-150
3,1000,3728,-914.0
3,1023,80,-511.5
3,1121,1040,-159.0
3,1156,896,-924.5
3,1261,4008,-150
3,1285,568,-242.0
3,1296,992,-728.5
3,1399,600,-446.5
3,1484,2576,-791.5
3,1718,4896,-150
3,1919,2608,-150
3,1999,336,-150.5
3,2018,3560,-150
3,2043,16,-216.0
3,2073,16,-237.0
3,2080,7680,-150
3,2144,120,-516.5
3,2289,24,-163.5
3,2331,1248,-150
3,2507,184,-152.5
3,2634,6000,-150
3,2755,240,-215.5
3,2823,3936,-150
3,2853,288,-182.5
3,3340,2424,-150
3,3386,16,-203.0
3,3786,16,-150
3,3797,832,-265.5
3,3840,784,-150
3,4116,544,-150
3,4321,7896,-150
3,4322,16,-150
3,4399,16,-150
3,4548,16,-150
3,4600,608,-162.0
3,4676,880,-442.0
3,4709,496,-1601.0
3,4812,120,-347.0
3,4821,1096,-334.0
3,4898,1808,-266.5
3,5034,7640,-150
3,5057,16,-150
3,5058,5448,-1137.0
3,5399,16,-173.0
3,5689,1432,-217.5
3,5838,1448,-150
3,6070,2872,-150
3,6089,5776,-150
3,6125,1672,-150
3,6181,40,-646.5
3,6223,384,-192.5
3,6246,1232,-1291.5
3,6274,16,-150
3,6315,984,-150
3,6349,16,-150
3,6384,1656,-152.5
3,6503,4024,-356.5
3,6588,1432,-150
3,6667,16,-150
3,6786,5392,-196.0
3,6976,4880,-150
3,7093,5144,-262.5
3,7140,24,-158.5
3,7146,1024,-150
3,7477,1256,-547.0
3,7505,448,-377.0
3,7670,24,-150
3,7772,184,-338.5
3,7985,24,-186.0
3,8016,3304,-185.0
3,8051,1008,-181.5
3,8130,952,-708.0
3,8215,3136,-1073.5
3,8651,5392,-308.0
3,8723,3744,-150
3,8789,1744,-150.5
3,8905,24,-177.5
3,9017,456,-425.5
3,9220,2760,-150
3,9385,2432,-150
3,9556,24,-150
3,9764,16,-150
3,9771,1440,-172.5
3,9822,4712,-164.0
3,9991,5008,-839.5
3,10240,5456,-150
3,10292,16,-150
3,10293,16,-150
3,10355,3720,-164.5
3,10446,648,-279.0
3,10452,4160,-156.5
3,10649,16,-150
3,10958,416,-459.5
3,10994,808,-150
3,11222,16,-150
3,11392,480,-150
3,12016,2408,-150
3,12148,368,-150
3,12163,3064,-150
3,12278,144,-228.5
3,12300,712,-150
3,12674,1104,-595.5
3,12835,16,-487.0
3,12852,1672,-178.0
3,12997,760,-180.5
3,13004,4880,-610.0
3,13091,4360,-150
3,13198,376,-150
3,13208,2760,-150
3,13447,1240,-150
3,13470,5184,-150
3,13547,1000,-607.5
3,13557,2064,-150
3,13745,136,-150
3,13764,16,-150
3,13828,552,-197.5
3,14028,712,-150
3,14043,3224,-358.5
3,14129,1384,-415.5
3,14357,424,-150
3,14365,1912,-150
3,14403,16,-150
3,14592,2704,-150
3,14599,16,-150
3,14645,2664,-150
3,14654,16,-170.0
3,14689,7240,-444.0
3,14748,760,-150.5
3,14758,568,-172.0
3,14775,16,-150
3,14944,7656,-150
3,15058,24,-160.5
3,15605,16,-150
3,15882,888,-150
3,15970,7424,-267.5
3,16018,16,-150
3,16029,16,-150
3,16148,6400,-485.5
3,16299,4744,-185.0
3,16613,4808,-403.0
3,16765,24,-214.0
3,16777,16,-150
3,16845,24,-150
3,16946,4064,-432.0
3,17008,96,-150
3,17047,6064,-174.0
3,17427,24,-150
3,17565,24,-227.5
3,17666,1400,-150
3,17667,648,-971.0
3,17778,600,-193.5
3,17947,4424,-389.0
3,18326,1120,-366.0
3,18335,760,-150
3,18424,1928,-178.0
3,18467,384,-203.5
3,18487,16,-157.0
3,18648,4616,-150
3,18739,1456,-150
3,18861,2192,-150
3,18887,4880,-393.0
3,18891,16,-150
3,19093,16,-150
3,19149,6984,-164.0
3,19172,1136,-318.5
3,19288,24,-150
3,19530,8712,-150
3,19554,16,-150
3,19654,1000,-254.5
3,19693,240,-150
3,19743,7744,-150
3,19770,1192,-155.0
3,19961,7608,-150
3,19994,1160,-150
3,20013,3208,-390.5
3,20093,24,-156.5
3,20129,16,-150
3,20312,16,-150
3,20330,7608,-150
3,20405,24,-222.5
3,20455,16,-150.5
3,20510,216,-150
3,20609,24,-150
3,20729,144,-166.0
3,20781,24,-150
3,20954,1664,-287.5
3,21038,2248,-150
3,21296,152,-399.0
3,21485,3768,-161.0
3,21743,792,-174.5
3,22251,80,-185.5
3,22380,2856,-150
3,22476,2344,-290.0
3,22651,1376,-150
3,22691,16,-150
3,23034,32,-150
3,23173,2320,-587.0
3,23221,2640,-150
3,23243,16,-164.5
3,23327,3080,-233.5
3,23970,2440,-150
3,23976,32,-163.0
3,24155,16,-182.0
3,24392,16,-150
3,24424,1680,-150
3,24653,1712,-345.5
3,24740,24,-150
3,25279,1824,-150
3,25365,184,-163.0
3,26088,24,-150
3,26342,3440,-206.0
3,26377,320,-150
3,26511,7000,-401.5
3,26854,16,-150
3,27007,16,-150
3,27126,2600,-472.0
3,27686,104,-432.5
3,27874,2920,-150
3,27928,552,-594.5
3,28036,1520,-150
3,28070,1768,-150
3,28100,1728,-150
3,28151,80,-150
3,28388,2152,-269.0
3,28444,5648,-173.5
3,28567,1992,-239.0
3,28736,2000,-521.0
3,28983,1264,-150
3,28986,1440,-150
3,29060,16,-248.5
3,29359,1800,-173.0
3,29412,3312,-163.0
3,29463,560,-159.5
3,29558,568,-150
3,29565,16,-150
3,29709,2472,-150
3,29868,24,-150
3,29890,1512,-150
3,30061,1320,-965.0
3,30082,1760,-151.0
3,30484,192,-499.5
3,30685,16,-150
3,30911,3368,-1542.5
3,31126,16,-175.5
3,31145,1648,-150
3,31434,4480,-150
3,31532,24,-150
3,31648,8368,-150
3,32248,2488,-163.5
3,32464,32,-150
3,32580,1336,-258.0
3,32692,3568,-150
3,32860,96,-585.5
3,32874,6896,-150
3,33099,24,-150
3,33384,392,-154.5
3,33432,3216,-392.0
3,33457,2056,-241.0
3,33632,7832,-2190.5
3,33687,16,-150
3,33763,4064,-150
3,34022,1248,-150
3,34088,24,-150
3,34126,2712,-484.0
3,34300,16,-150
3,34555,7576,-177.5
3,34872,24,-150
3,35739,3368,-219.5
3,35844,3536,-150
3,36831,1104,-282.0
3,36884,176,-291.5
3,36984,2656,-150
3,37000,3328,-150
3,37039,3752,-431.5
3,37237,216,-270.0
3,37437,4512,-412.5
3,37444,16,-150
3,37498,16,-150
3,37732,3080,-461.5
3,37919,16,-548.5
3,37958,3240,-150
3,38150,16,-150
3,38173,1272,-701.0
3,38193,1400,-150
3,38386,2352,-230.5
3,38428,3272,-150
3,38464,776,-265.5
3,38466,16,-150
3,38589,3104,-412.5
3,38646,1208,-505.0
3,38699,176,-532.5
3,38819,24,-244.5
3,38986,7488,-150
3,39089,1832,-179.0
3,39097,3368,-232.0
3,39250,6120,-150
3,39256,16,-150
3,39367,16,-164.0
3,39383,600,-150
3,39463,72,-150
3,39579,1440,-311.0
3,39606,16,-150
3,39867,1168,-150
3,39937,2192,-150
3,39944,1264,-221.0
3,40605,2640,-287.5
3,40616,2936,-150
3,40637,16,-150
3,40652,16,-182.5
3,40697,88,-840.0
3,41255,1104,-162.5
3,41504,8104,-150
3,41523,24,-150
3,41684,16,-171.5
3,41894,2232,-150
3,41991,360,-792.0
3,41998,2728,-150
3,42011,1240,-373.0
3,42013,4056,-150
3,42090,952,-418.0
3,42516,16,-150
3,42798,6320,-177.0
3,42819,16,-150
3,42823,16,-150
3,43166,40,-150
3,43283,4408,-534.5
3,43301,16,-162.0
3,43407,2296,-261.0
3,43658,24,-165.0
3,43789,80,-431.5
3,44018,2616,-172.5
3,44040,448,-163.5
3,44221,176,-882.0
3,44272,1488,-150
3,44500,3384,-150
3,44534,16,-150
3,44867,16,-153.0
3,45392,56,-150
3,45714,1160,-248.0
3,45790,16,-150
3,45893,1480,-150
3,46167,296,-302.0
3,46181,4232,-150
3,46453,568,-176.5
3,46700,1288,-180.0
3,46767,3864,-1836.5
3,47065,1960,-280.0
3,47456,544,-150
3,47726,3736,-150
3,47844,8368,-310.0
3,47909,16,-150
3,47958,16,-150
3,48310,2392,-150
3,48676,4024,-669.0
3,48796,2888,-163.5
3,48804,16,-150
3,49217,248,-239.0
3,49237,280,-502.0
3,49254,2936,-164.0
3,49434,3688,-173.5
3,49454,16,-150
3,49471,8504,-150
3,49757,6096,-150
3,49767,176,-150
3,49821,1800,-150
3,50105,2552,-150
3,50185,6224,-150
3,50270,2856,-150
3,50603,16,-152.5
3,50728,24,-150
3,50742,7128,-504.5
3,50780,4648,-150
3,51040,824,-198.0
3,51103,48,-345.5
3,51170,208,-343.5
3,51243,1472,-150
3,51320,896,-408.5
3,51443,2952,-476.0
3,51575,1256,-292.5
3,51576,5992,-150
3,51662,2048,-424.0
3,51750,16,-205.0
3,51797,1560,-150
3,51909,872,-494.0
3,52050,2040,-649.5
3,52093,4208,-177.0
3,52098,6664,-150
3,52104,992,-408.0
3,52182,16,-150
3,52200,416,-163.5
3,52282,24,-150
3,52371,16,-265.0
3,52449,2368,-159.5
3,52489,3240,-150
3,52604,4328,-150
3,52992,304,-175.0
3,53327,3440,-150
3,53471,7528,-150
3,53543,904,-734.5
3,53676,1872,-1238.5
3,53692,1032,-150
3,53738,72,-164.0
3,53976,936,-150
3,54036,24,-150
3,54045,1232,-158.0
3,54312,192,-150
3,54549,1736,-165.5
3,54621,24,-150
3,54689,16,-150
3,54806,1912,-150
3,55085,464,-345.5
3,55224,1584,-314.0
3,55241,7608,-150
3,55461,1920,-150
3,55544,6216,-483.0
3,55830,1576,-150
3,55841,104,-150
3,56043,3120,-150
3,56268,1768,-150
3,56301,16,-436.5
3,56457,3592,-228.0
3,56474,632,-288.0
3,56519,8712,-190.5
3,56538,24,-171.0
3,56666,16,-150
3,56701,1304,-648.5
3,56731,2232,-174.5
3,56865,1568,-150
3,56948,752,-602.5
3,57162,1200,-558.0
3,57362,6672,-150
3,57370,112,-229.5
3,57462,40,-150
3,57509,16,-179.5
3,57517,8368,-485.5
3,57924,16,-431.5
3,58215,1624,-150
3,58257,576,-161.0
3,58356,2544,-408.5
3,58470,2872,-330.0
3,58481,16,-178.0
3,58503,312,-150
3,58519,592,-164.5
3,58744,1152,-279.5
3,58790,2240,-150
3,59003,16,-150
3,59052,16,-156.5
3,59591,1448,-150
3,59699,1608,-291.0
3,59869,928,-150
3,59949,384,-150
3,60338,1344,-150
3,60729,504,-522.5
3,60736,2776,-498.0
3,60870,1240,-169.5
3,61004,1944,-408.5
3,61122,728,-150
3,61128,24,-150
3,61380,2000,-364.5
3,61486,16,-179.5
3,61543,5632,-150
4,50,1408,-150
4,113,6032,-167.0
4,160,1160,-214.5
4,357,4808,-372.0
4,450,216,-464.0
4,675,24,-150
4,716,440,-150
4,719,1480,-150
4,754,24,-276.5
4,833,16,-150
4,848,16,-277.5
4,868,1120,-358.0
4,873,24,-261.0
4,883,40,-150
4,1053,16,-150
4,1162,2416,-150
4,1181,1136,-150
4,1518,864,-160.5
4,1664,5576,-211.0
4,1961,2976,-185.5
4,2002,760,-150
4,2082,3872,-364.5
4,2105,6496,-150
4,2172,16,-150
4,2258,16,-150
4,2346,680,-172.0
4,2449,1368,-222.5
4,2595,4232,-150
4,2730,24,-227.5
4,2806,8256,-150
4,3100,2744,-150
4,3193,1744,-155.0
4,3322,16,-150
4,3396,16,-150
4,3776,304,-150
4,3800,2352,-150
4,3801,1800,-150
4,4087,16,-150
4,4095,24,-166.0
4,4160,24,-202.5
4,4208,3944,-150
4,4217,6928,-150
4,4337,16,-150
4,4540,6048,-1398.0
4,4592,16,-255.5
4,4801,1064,-458.5
4,4974,5496,-150
4,5003,2000,-150
4,5041,1632,-150
4,5337,32,-150
4,5340,408,-150
4,5452,7336,-150
4,5520,4240,-155.0
4,6200,16,-252.5
4,6203,24,-287.5
4,6272,1560,-164.5
4,6472,1472,-708.5
4,6485,2440,-1897.5
4,6663,16,-150
4,6957,2104,-644.0
4,7003,1448,-212.0
4,7018,16,-150
4,7020,16,-236.0
4,7126,6544,-150
4,7234,128,-150
4,7259,2400,-335.0
4,7292,1256,-150
4,7632,6640,-150
4,7870,6360,-150
4,7937,3400,-150
4,7938,2232,-198.0
4,7959,1776,-1392.5
4,8238,6088,-379.5
4,8480,4752,-2777.5
4,8666,584,-776.5
4,8676,1016,-450.5
4,8772,32,-150
4,8812,152,-436.0
4,9068,832,-233.5
4,9113,3288,-150
4,9216,288,-161.0
4,9240,1944,-150
4,9272,344,-255.5
4,9274,256,-180.0
4,9394,1328,-150
4,9473,1304,-150
4,9755,1880,-246.5
4,9818,64,-1039.0
4,9864,1088,-1384.0
4,9918,2840,-150
4,10051,736,-576.0
4,10180,3488,-150
4,10218,120,-615.0
4,10439,968,-379.0
4,10546,2392,-785.5
4,10771,128,-227.5
4,10819,6416,-150
4,10823,680,-207.0
4,11284,32,-152.0
4,11389,184,-502.0
4,11463,3144,-244.5
4,11567,1896,-797.5
4,11693,16,-170.0
4,12295,24,-150
4,12559,824,-309.0
4,12573,16,-150
4,12784,24,-150
4,12804,7336,-254.0
4,12895,16,-150
4,12994,7304,-150
4,13016,392,-150
4,13049,7032,-713.0
4,13221,4032,-447.0
4,13382,8368,-232.0
4,13462,16,-150
4,13573,16,-150
4,13680,3736,-150
4,13719,176,-150
4,13802,16,-150
4,13810,376,-150
4,13948,1624,-483.5
4,14096,4184,-150
4,14185,7776,-295.0
4,14208,1072,-213.0
4,14311,2920,-1232.5
4,14312,8744,-150
4,14385,1232,-150
4,14873,6472,-150
4,15010,16,-150
4,15031,488,-150
4,15078,3560,-254.5
4,15199,6120,-150
4,15310,3408,-887.0
4,15337,24,-150
4,15437,8448,-150
4,15448,3688,-598.0
4,15457,1112,-150
4,15463,40,-150
4,15497,24,-185.5
4,15631,712,-231.0
4,15646,3000,-404.5
4,15886,1440,-419.5
4,15921,16,-150
4,15974,3056,-150
4,16095,2400,-207.0
4,16168,16,-150
4,16294,688,-150
4,16349,312,-150
4,16535,16,-173.5
4,16701,24,-150
4,16715,5480,-1353.0
4,16726,456,-746.0
4,16786,1216,-150
4,16872,528,-180.0
4,16927,5432,-150
4,17183,2648,-150
4,17257,16,-150
4,17277,2664,-150
4,17518,24,-193.0
4,17550,24,-155.0
4,17649,24,-150.0
4,17728,4240,-313.0
4,17895,16,-215.5
4,17921,2600,-150
4,18060,3808,-326.5
4,18263,432,-150
4,18363,16,-150
4,18482,16,-203.0
4,18641,2848,-298.0
4,18833,1256,-157.0
4,18850,1376,-194.0
4,18879,16,-150
4,18966,16,-161.5
4,19092,5064,-150
4,19094,2472,-384.0
4,19202,1336,-150
4,19571,2616,-150
4,19583,8160,-150
4,19713,3896,-1208.0
4,19819,2152,-150
4,19840,1720,-219.5
4,19869,7712,-150
4,19956,2824,-291.5
4,20015,24,-168.0
4,20410,2584,-421.0
4,20517,16,-253.0
4,20578,824,-150
4,20594,664,-168.0
4,20633,2616,-150
4,20638,8704,-506.5
4,20807,16,-150
4,20822,7712,-521.5
4,20941,328,-514.0
4,21071,3392,-150
4,21096,16,-179.5
4,21150,6200,-150
4,21238,16,-150
4,21256,6552,-1688.0
4,21380,2760,-150
4,21421,1928,-150
4,22245,3416,-150
4,22369,24,-150
4,22427,4320,-417.5
4,22500,1192,-150
4,22512,1496,-295.0
4,22592,8512,-176.0
4,22632,4432,-150
4,22853,7152,-150
4,22986,3536,-445.0
4,23000,16,-150
4,23010,496,-150
4,23222,344,-150
4,23335,1536,-150
4,23345,16,-150
4,23425,5064,-495.5
4,23604,1952,-267.5
4,23731,4008,-150
4,23821,2912,-150
4,23907,1632,-150
4,23908,16,-150
4,24021,16,-150
4,24076,448,-150
4,24083,16,-150
4,24101,4984,-466.0
4,24112,648,-230.5
4,24131,1192,-150
4,24158,7816,-150
4,24162,5816,-157.0
4,24275,1640,-150
4,24311,16,-150
4,24425,16,-150
4,24437,2912,-150
4,24843,536,-465.0
4,24923,1288,-345.0
4,24980,680,-302.5
4,24994,16,-181.5
4,25080,568,-382.5
4,25200,16,-150
4,25295,656,-150
4,25296,16,-371.5
4,25435,3864,-150.0
4,25484,240,-525.0
4,25816,5736,-420.0
4,25863,6664,-150
4,26042,528,-150
4,26322,2192,-150
4,26339,760,-150
4,26391,16,-150.5
4,26449,16,-150
4,26782,6680,-150
4,26857,4536,-150
4,26880,7416,-150
4,26891,920,-277.5
4,27026,24,-191.0
4,27200,976,-251.0
4,27282,16,-150
4,27435,24,-228.5
4,27489,1256,-561.5
4,27512,2728,-318.0
4,27567,1752,-582.5
4,27574,3240,-150
4,27685,24,-241.5
4,27732,2048,-222.5
4,27757,16,-150
4,27943,512,-150
4,28151,16,-150
4,28175,792,-505.0
4,28189,16,-150
4,28266,3512,-453.0
4,28325,1768,-150
4,28555,2848,-226.5
4,28561,1424,-150
4,28704,1504,-150
4,29203,24,-155.5
4,29218,312,-636.5
4,29399,840,-219.5
4,29409,2904,-169.0
4,29534,736,-150
4,29613,4024,-150
4,29637,976,-580.5
4,29927,3816,-520.5
4,29937,1784,-248.5
4,30020,16,-150
4,30125,232,-193.0
4,30256,1216,-150
4,30567,256,-263.0
4,30676,24,-150
4,30680,3264,-301.5
4,31034,16,-150
4,31089,7672,-171.5
4,31278,32,-150
4,31619,4680,-453.0
4,31629,24,-150
4,31675,824,-178.0
4,31759,16,-150
4,31782,128,-560.0
4,31952,1016,-150
4,32030,24,-150
4,32147,1944,-167.0
4,32336,704,-668.5
4,32615,16,-497.5
4,33283,6096,-150
4,33287,16,-366.0
4,33470,2864,-1211.5
4,33484,2336,-150
4,33505,672,-228.5
4,33581,1400,-150
4,33612,1256,-150
4,33619,1560,-150
4,33626,856,-150
4,33731,16,-150
4,34133,3464,-378.0
4,34238,1240,-150
4,34240,48,-583.5
4,34297,2032,-487.0
4,34445,88,-270.0
4,34854,1688,-150
4,34858,1576,-637.5
4,34875,16,-150
4,34962,24,-150
4,34969,16,-150
4,35093,6368,-150
4,35100,24,-158.5
4,35132,160,-150
4,35232,1792,-274.0
4,35453,16,-242.5
4,35512,5080,-150
4,35606,1712,-163.5
4,36100,1448,-150
4,36193,536,-231.0
4,36235,2448,-150
4,36293,480,-833.5
4,36619,24,-182.5
4,36745,16,-150
4,36749,112,-150
4,36837,1728,-150
4,36991,16,-186.5
4,37074,328,-209.0
4,37250,16,-150
4,37372,320,-294.0
4,37411,1072,-262.0
4,37421,2672,-150
4,37512,16,-150
4,37522,192,-315.5
4,37611,408,-393.5
4,37949,3224,-174.0
4,38018,16,-172.5
4,38025,2088,-150
4,38217,1008,-430.0
4,38330,16,-150
4,38380,1816,-349.0
4,38598,16,-150
4,38630,24,-173.0
4,38631,5008,-904.0
4,38642,16,-391.5
4,38695,24,-150
4,39040,952,-262.0
4,39082,4256,-150
4,39259,24,-433.5
4,39348,408,-173.0
4,39466,3304,-150
4,39618,4480,-469.0
4,39667,2768,-150
4,39692,16,-150
4,39709,1280,-150
4,39825,16,-182.0
4,39840,3088,-243.0
4,39931,2080,-268.0
4,40064,552,-370.5
4,40488,32,-163.0
4,40855,16,-238.5
4,40912,16,-201.0
4,41049,16,-370.5
4,41095,944,-150
4,41301,24,-150
4,41556,3376,-155.0
4,41616,424,-150
4,41644,3104,-150
4,41935,200,-151.5
4,42149,24,-150
4,42203,16,-150.0
4,42386,3480,-296.0
4,42439,7112,-150
4,42473,16,-269.0
4,42744,56,-150
4,42786,7168,-150
4,42876,520,-481.5
4,42906,1944,-150
4,43016,4160,-217.0
4,43060,7904,-189.0
4,43073,32,-150
4,43212,1200,-150
4,43422,3424,-150
4,43484,16,-161.0
4,43532,2584,-355.5
4,43708,16,-434.5
4,43709,1008,-150
4,43725,16,-155.5
4,43739,216,-394.5
4,43845,1752,-150
4,44024,1520,-150
4,44296,16,-150
4,44464,16,-281.0
4,44556,24,-160.5
4,44731,3352,-2361.5
4,44920,96,-150
4,45027,816,-150
4,45224,792,-319.0
4,45490,16,-234.0
4,45876,16,-214.0
4,46196,488,-150
4,46198,4256,-150
4,46200,2016,-152.0
4,46250,6672,-150
4,46294,3416,-205.5
4,46325,1584,-515.0
4,46597,5784,-682.5
4,46811,552,-233.5
4,47122,24,-176.0
4,47142,1016,-350.0
4,47219,1000,-572.5
4,47288,560,-180.5
4,47482,216,-150
4,47493,24,-150
4,47506,1712,-150
4,47538,16,-179.0
4,47596,2144,-150
4,47618,3024,-654.5
4,47952,160,-180.5
4,48214,408,-150
4,48220,7432,-150
4,48274,16,-150
4,48348,1584,-150
4,48422,16,-413.0
4,48669,16,-150
4,48882,3304,-150
4,48883,24,-170.5
4,48920,16,-373.5
4,49361,5040,-150
4,49420,2288,-241.0
4,49517,2952,-150
4,49654,4480,-150
4,49687,8088,-150
4,49812,1184,-333.5
4,49921,3376,-150
4,49990,2640,-320.5
4,50129,104,-207.0
4,50290,168,-443.0
4,50372,24,-150
4,50378,16,-150
4,50468,648,-150
4,50664,1272,-181.5
4,51040,32,-170.5
4,51119,16,-150
4,51586,1672,-205.5
4,51660,1976,-190.5
4,51799,368,-167.0
4,51817,688,-702.5
4,51821,6200,-666.0
4,51865,1544,-300.0
4,51969,160,-1017.5
4,52181,3264,-204.0
4,52321,1040,-150
4,52435,16,-316.0
4,52552,6880,-1435.0
4,52658,6288,-150
4,52709,4496,-150
4,52814,72,-150
4,52969,16,-150
4,53269,1376,-350.5
4,53656,512,-150
4,53756,2344,-150
4,53774,3584,-150
4,54080,24,-150
4,54210,16,-150
4,54483,16,-150
4,54492,24,-206.5
4,54617,16,-189.0
4,54685,120,-325.0
4,54789,24,-310.5
4,54791,6384,-217.0
4,54880,7704,-150
4,55086,16,-150
4,55090,16,-150.0
4,55198,16,-376.5
4,55223,120,-311.0
4,55429,1400,-150
4,55584,16,-150
4,55632,536,-150
4,55750,24,-194.5
4,55885,5216,-150
4,56068,8600,-183.5
4,56155,24,-150
4,56177,16,-166.5
4,56389,16,-150
4,56560,392,-150
4,56613,6176,-663.0
4,56670,240,-200.5
4,56839,4968,-977.5
4,57342,24,-150
4,57451,16,-150
4,57498,2072,-150
4,57931,736,-150
4,57935,504,-150
4,58106,48,-206.5
4,58141,2976,-571.5
4,58174,3616,-150
4,58206,24,-172.5
4,58265,1912,-489.5
4,58299,2984,-559.0
4,58461,16,-150
4,58559,4032,-276.0
4,58614,2624,-150
4,58711,680,-380.5
4,58741,24,-222.0
4,58757,2712,-150
4,58785,704,-385.5
4,58801,4952,-150
4,59028,24,-465.0
4,59080,16,-150
4,59098,16,-150
4,59138,688,-202.5
4,59194,16,-150
4,59475,3504,-150
4,59557,128,-183.5
4,59692,1216,-245.0
4,59995,2528,-150
4,60017,304,-1397.5
4,60040,240,-269.5
4,60335,264,-289.5
4,60545,184,-233.0
4,60591,1672,-150
4,60700,4408,-571.5
5,4,1448,-150
5,105,24,-412.0
5,186,16,-150
5,502,16,-150
5,513,3952,-417.5
5,701,6112,-150
5,746,2384,-150
5,783,1632,-192.0
5,911,16,-150
5,1243,72,-293.0
5,1261,1504,-158.5
5,1348,192,-309.5
5,1362,16,-150
5,1528,24,-150
5,1531,304,-174.0
5,1533,440,-483.0
5,1602,3104,-150
5,1729,16,-150
5,1770,8448,-278.0
5,1889,3184,-365.0
5,2231,5752,-150
5,2498,24,-174.5
5,2643,32,-150
5,2797,4992,-150
5,3118,864,-150
5,3504,1208,-477.0
5,3777,2496,-150
5,3791,1760,-220.5
5,4147,560,-464.5
5,4186,16,-193.0
5,4533,1088,-348.5
5,4562,120,-150
5,4697,952,-150
5,4700,1672,-150
5,4720,3016,-222.5
5,4820,1744,-175.5
5,4917,3792,-230.0
5,5193,16,-150
5,5194,2184,-159.5
5,5223,1704,-150
5,5653,5488,-150
5,5703,624,-150
5,5718,3072,-150
5,5830,368,-277.5
5,5986,1864,-252.5
5,6166,16,-150
5,6202,24,-150
5,6226,184,-169.0
5,6278,72,-150
5,6685,1624,-297.5
5,6690,16,-327.0
5,7036,912,-679.5
5,7074,16,-168.5
5,7172,3280,-150
5,7184,4992,-578.5
5,7285,160,-279.5
5,7363,2184,-538.5
5,7430,2560,-276.5
5,7597,16,-171.0
5,7909,368,-150
5,7943,328,-233.0
5,8190,760,-267.5
5,8460,1056,-213.0
5,8634,2152,-153.0
5,8689,3176,-309.5
5,8850,3328,-518.0
5,8937,5184,-150
5,9251,416,-481.0
5,9269,344,-150
5,9584,2128,-150
5,9665,1440,-150
5,9987,16,-150
5,10127,16,-258.0
5,10173,8560,-150
5,10458,224,-150
5,10476,1440,-762.5
5,10618,1976,-150
5,10772,7296,-150
5,10957,224,-596.5
5,11146,24,-150
5,11167,16,-150
5,11195,680,-268.0
5,11261,1264,-150
5,11269,1296,-150
5,11353,80,-151.0
5,11406,1808,-150
5,11419,176,-658.0
5,11626,1424,-338.0
5,11683,16,-150
5,11789,720,-150
5,12005,6656,-150
5,12042,1840,-506.0
5,12084,16,-292.0
5,12112,16,-610.5
5,12132,3184,-561.0
5,12211,2840,-376.5
5,12355,552,-181.0
5,12401,8680,-178.0
5,12460,8552,-616.5
5,12621,1816,-175.5
5,12665,696,-150
5,12949,2368,-260.0
5,13010,4976,-222.5
5,13128,4888,-150
5,13195,16,-179.5
5,13317,16,-150
5,13458,2192,-150
5,13569,16,-219.0
5,13882,456,-185.0
5,13906,7792,-150
5,14513,16,-150
5,14573,3176,-295.0
5,14598,16,-150
5,14959,16,-217.0
5,15138,5360,-1126.0
5,15295,16,-150
5,15315,5000,-150
5,15342,24,-163.5
5,15504,512,-150
5,15522,16,-150
5,15527,1680,-404.0
5,15544,24,-150
5,15717,4576,-150
5,15809,7192,-150
5,15923,16,-282.5
5,15977,1280,-580.5
5,16070,4248,-233.0
5,16539,7016,-150
5,16610,16,-156.5
5,16929,5024,-150
5,17078,16,-150
5,17295,8288,-194.5
5,17375,6960,-244.5
5,17640,4632,-690.5
5,17746,24,-182.0
5,17886,16,-161.0
5,17956,16,-193.0
5,17987,4120,-284.5
5,18074,16,-150
5,18114,3016,-206.5
5,18170,16,-246.0
5,18176,7320,-244.0
5,18396,7456,-261.5
5,18465,16,-738.5
5,18473,16,-155.5
5,18610,2632,-348.0
5,18729,1280,-215.5
5,18775,3048,-405.5
5,18793,5280,-150
5,18915,3280,-150
5,18925,2992,-401.0
5,18992,16,-222.5
5,18994,1256,-160.0
5,19090,5944,-150
5,19125,16,-431.5
5,19143,4984,-188.0
5,19178,24,-150
5,19263,504,-150
5,19264,1488,-150
5,19311,1024,-150
5,19346,1624,-154.5
5,19614,1008,-416.5
5,19657,2952,-260.5
5,19795,24,-150
5,19815,2272,-150
5,19852,3760,-235.5
5,19882,2232,-150
5,20069,24,-150
5,20082,304,-171.5
5,20207,632,-540.0
5,20241,24,-150
5,20288,16,-150
5,20421,16,-150.5
5,20456,56,-212.5
5,20510,16,-150
5,20978,3672,-194.5
5,20995,16,-150
5,21047,24,-175.0
5,21207,3664,-356.0
5,21579,1440,-150
5,21639,1344,-434.5
5,21724,24,-150
5,22046,1088,-639.0
5,22358,16,-150
5,22373,56,-150
5,22418,7696,-150.0
5,22842,144,-184.5
5,22915,16,-184.5
5,22918,3088,-583.0
5,22933,2072,-150
5,23146,2064,-406.5
5,23263,6984,-150
5,23655,1712,-150
5,23696,616,-190.0
5,23964,16,-170.0
5,24002,3320,-424.0
5,24269,1008,-619.5
5,24330,1848,-150
5,24332,3216,-150
5,24392,2688,-191.5
5,24485,1760,-258.5
5,24667,1624,-171.5
5,24728,2064,-150
5,24797,24,-237.0
5,25061,16,-227.0
5,25119,64,-284.5
5,25290,3088,-150
5,25565,16,-240.0
5,25696,3488,-804.0
5,25732,1672,-150
5,25761,944,-150
5,25832,24,-150
5,25877,200,-415.0
5,25908,16,-150
5,25921,16,-150
5,25999,256,-456.0
5,26050,736,-314.5
5,26158,2688,-1567.5
5,26242,1096,-150
5,26360,7840,-150
5,26380,672,-150
5,26636,3968,-169.5
5,26892,1304,-190.0
5,27111,16,-150
5,27458,8536,-765.0
5,27661,4464,-519.5
5,27691,4872,-150
5,27882,16,-150
5,27976,2744,-150
5,28061,24,-150
5,28185,16,-150
5,28186,3440,-200.0
5,28199,1592,-263.0
5,28503,16,-150
5,28579,5896,-2423.0
5,28873,1808,-150
5,28941,5704,-150
5,29121,16,-170.0
5,29431,4528,-289.0
5,29567,1552,-150
5,29719,1184,-344.0
5,29989,72,-223.0
5,30001,976,-150
5,30004,4656,-1526.0
5,30092,16,-150
5,30100,1280,-667.0
5,30176,16,-150
5,30183,16,-150
5,30187,864,-448.0
5,30334,728,-170.5
5,30337,440,-297.5
5,30368,5088,-150
5,30664,3224,-906.0
5,30746,3064,-207.5
5,30977,4304,-396.0
5,31423,16,-169.0
5,31694,576,-339.0
5,31779,5768,-384.0
5,31850,808,-566.0
5,31873,1560,-150.0
5,32166,16,-150
5,32369,1544,-293.0
5,32464,1320,-176.0
5,32480,3232,-150
5,32668,2008,-237.0
5,32987,3192,-191.0
5,33192,5568,-507.0
5,33255,24,-157.0
5,33392,16,-216.5
5,33653,16,-150
5,34135,3480,-150
5,34230,16,-150
5,34332,16,-150
5,34485,8472,-462.0
5,34498,16,-232.5
5,34565,6240,-150
5,34677,1472,-878.5
5,34900,1936,-329.0
5,34904,5048,-150
5,34914,560,-406.0
5,34917,1752,-392.0
5,35058,2944,-265.0
5,35065,3456,-150
5,35409,328,-158.5
5,35415,1096,-150
5,35494,24,-176.5
5,35510,120,-793.0
5,35538,168,-169.0
5,35553,16,-200.5
5,35609,16,-150
5,36117,7376,-192.0
5,36161,4880,-215.5
5,36265,160,-151.0
5,36342,16,-150
5,36429,16,-150
5,36601,424,-276.0
5,36651,312,-177.5
5,36826,1520,-150
5,37153,2432,-150
5,37171,96,-150
5,37419,5664,-150
5,37556,4336,-150
5,37589,544,-150
5,37663,3280,-363.5
5,37741,16,-150
5,37890,16,-150
5,38127,16,-311.0
5,38212,1912,-170.0
5,38260,352,-150
5,38350,8192,-150
5,38505,16,-163.0
5,38610,16,-150
5,38629,344,-150
5,38710,1240,-150
5,38713,4080,-771.5
5,38766,584,-260.5
5,38964,1056,-150
5,39111,7288,-150
5,39113,16,-173.5
5,39172,616,-150
5,39267,4560,-150
5,39351,16,-357.5
5,39368,6648,-150
5,39589,728,-246.5
5,39746,1432,-150
5,39865,432,-729.0
5,39907,1768,-150
5,40179,16,-150
5,40351,104,-172.0
5,40583,16,-150
5,40697,5608,-161.5
5,40717,1352,-1721.0
5,40724,784,-156.5
5,40778,16,-150
5,40781,752,-154.0
5,40906,104,-602.0
5,41049,7648,-823.0
5,41166,3840,-239.5
5,41222,448,-409.5
5,42135,1680,-150
5,42249,4904,-150
5,42378,2368,-272.0
5,42482,16,-150
5,42653,16,-150
5,42679,8240,-173.0
5,42851,24,-174.5
5,42853,16,-203.0
5,42864,16,-152.5
5,43047,8360,-170.0
5,43246,704,-150
5,43331,5256,-150
5,43557,1824,-150
5,43581,312,-277.0
5,43826,16,-150
5,44038,7664,-159.0
5,44338,3304,-266.5
5,44354,584,-150
5,44600,2040,-150
5,44672,8368,-193.0
5,44885,7920,-320.5
5,44888,6696,-150
5,44923,2304,-277.5
5,44941,1072,-232.0
5,45070,1672,-150
5,45271,3104,-150
5,45498,7528,-150
5,45534,24,-208.0
5,45754,16,-150
5,45862,16,-150
5,46134,24,-296.5
5,46136,3952,-180.5
5,46302,16,-152.0
5,46436,3448,-663.0
5,46542,3200,-150
5,46780,6408,-282.0
5,46875,816,-186.0
5,46883,16,-150
5,47275,6016,-150
5,47312,2680,-150
5,47399,24,-181.5
5,47422,1560,-150
5,47628,24,-216.5
5,47746,16,-241.0
5,47772,16,-150
5,47774,2208,-549.5
5,48020,24,-150
5,48224,7808,-150
5,48262,2920,-150
5,48353,7008,-150
5,48475,5088,-490.0
5,48738,4216,-150
5,48839,6416,-249.5
5,48890,16,-150
5,48971,632,-188.5
5,48993,2072,-287.0
5,49234,1376,-277.0
5,49297,4344,-150
5,49519,336,-150
5,49552,16,-150
5,49691,320,-203.5
5,49818,16,-150
5,49859,528,-150
5,49880,3520,-300.0
5,49952,16,-150
5,50596,3184,-304.0
5,50697,24,-150
5,50865,3664,-291.0
5,51129,16,-150
5,51229,1544,-593.0
5,51311,16,-171.5
5,51574,968,-150
5,51583,16,-307.5
5,51593,2200,-150
5,51762,488,-150
5,51918,16,-150
5,52038,1312,-150
5,52220,256,-821.5
5,52377,2432,-150
5,52397,880,-166.0
5,52652,592,-432.0
5,52656,1752,-366.0
5,52699,264,-181.5
5,52716,368,-176.0
5,53059,3600,-179.0
5,53071,128,-150
5,53074,40,-150
5,53313,24,-282.5
5,53398,1496,-335.5
5,53659,16,-153.0
5,53719,16,-150
5,53900,104,-150
5,54252,3344,-180.5
5,54332,328,-409.0
5,54350,696,-337.0
5,54393,88,-452.0
5,54454,4920,-522.0
5,54618,16,-151.5
5,54722,3760,-548.0
5,54757,6832,-150
5,54955,1824,-167.5
5,54976,16,-150
5,55048,16,-150
5,55193,1232,-150
5,55449,512,-435.5
5,55505,6104,-150
5,55580,8064,-150
5,55625,8472,-150
5,55936,632,-316.5
5,55989,5560,-193.0
5,55998,6048,-211.5
5,56101,16,-150
5,56146,16,-150
5,56177,1368,-219.5
5,56485,16,-150
5,56530,16,-150
5,56716,32,-173.5
5,56741,24,-150
5,56783,1632,-286.0
5,56839,3280,-150
5,56864,176,-150
5,57023,24,-150
5,57078,528,-551.5
5,57216,144,-245.5
5,57466,2936,-240.5
5,57557,952,-150
5,57683,1832,-150
5,57718,488,-272.0
5,57782,16,-150
5,58031,992,-408.0
5,58120,2968,-570.0
5,58242,960,-272.0
5,58243,24,-150
5,58254,1000,-642.5
5,58355,1336,-623.5
5,58399,4800,-471.0
5,58683,888,-628.5
5,58754,3568,-491.5
5,58807,1528,-299.5
5,58893,16,-150
5,59193,1728,-489.0
5,59446,232,-294.5
5,59488,2280,-150
5,59646,264,-229.5
5,59714,16,-150
5,59717,4024,-262.5
5,59848,2896,-454.0
5,59874,2064,-177.5
5,59913,16,-195.5
5,60047,352,-159.5
5,60126,384,-150
5,60471,96,-150
5,60583,480,-320.5
6,7,1784,-217.5
6,100,3840,-150
6,125,928,-193.5
6,155,16,-394.5
6,402,24,-150
6,442,16,-204.5
6,532,1776,-150
6,604,1192,-488.5
6,812,2208,-750.5
6,843,1016,-150
6,1094,16,-150
6,1147,16,-237.5
6,1187,64,-224.5
6,1489,16,-150
6,1572,3176,-150
6,2068,16,-150
6,2715,16,-341.0
6,2742,3632,-150
6,2778,16,-551.5
6,2782,384,-150
6,2838,5552,-150
6,2883,5272,-533.0
6,2906,1432,-460.5
6,2931,16,-150
6,3053,2656,-172.5
6,3075,1376,-411.0
6,3168,16,-181.0
6,3213,1448,-150
6,3340,16,-150
6,3427,24,-173.0
6,3806,6448,-150
6,4592,2416,-212.0
6,5056,16,-150
6,5098,2968,-150
6,5143,4176,-150
6,5148,1184,-195.0
6,5669,1512,-275.0
6,5704,1784,-236.0
6,5799,16,-150
6,5897,16,-150
6,5914,7272,-150
6,6014,528,-527.0
6,6231,88,-150
6,6402,1032,-312.5
6,6448,440,-150
6,6453,1208,-569.5
6,6512,816,-308.5
6,6757,640,-150
6,6903,24,-215.0
6,7283,1792,-842.0
6,7363,3904,-150
6,7509,832,-351.5
6,7531,1288,-150
6,7640,1560,-150
6,7749,16,-150
6,7782,5056,-150
6,7902,24,-150
6,8042,3072,-150
6,8197,936,-150
6,8258,6640,-151.0
6,8303,16,-150
6,8304,16,-273.5
6,8556,16,-352.5
6,8623,6248,-150
6,8659,16,-198.0
6,8664,1440,-348.0
6,9501,1624,-150
6,9690,168,-211.0
6,10344,16,-150
6,10624,1528,-200.0
6,10655,24,-150
6,10746,16,-164.5
6,10899,352,-150
6,11136,5816,-1022.0
6,11251,1024,-637.5
6,11433,1480,-150
6,11574,2776,-524.0
6,11585,3968,-150
6,11596,24,-150
6,11642,1432,-1093.5
6,11774,16,-150
6,11954,24,-163.5
6,11971,480,-246.0
6,12249,4472,-150
6,12308,1240,-172.0
6,12506,2552,-200.0
6,12699,24,-150
6,12817,16,-191.0
6,13271,3104,-494.0
6,13779,16,-150
6,13905,280,-160.5
6,13907,24,-150
6,13914,16,-150
6,13986,2088,-174.5
6,14092,2960,-1790.0
6,14247,2808,-150
6,14417,192,-150
6,14474,2176,-222.5
6,14627,1040,-150
6,14732,24,-150
6,14872,752,-150
6,14918,16,-150
6,14953,1680,-196.5
6,15011,16,-150
6,15051,4304,-939.5
6,15305,4480,-628.5
6,15361,520,-245.0
6,15455,424,-309.5
6,15675,16,-150
6,15712,2248,-152.5
6,15713,1776,-150
6,15964,704,-164.5
6,16069,16,-279.0
6,16445,16,-161.5
6,16506,1320,-150
6,16547,824,-229.5
6,16588,1616,-486.5
6,17501,16,-150
6,17509,5904,-665.0
6,17632,3136,-452.5
6,17739,2248,-1918.0
6,17864,984,-158.5
6,17908,64,-150
6,17921,1168,-224.5
6,18028,184,-150
6,18093,880,-298.5
6,18173,1264,-150
6,18218,4408,-176.5
6,18227,3176,-317.0
6,18373,6496,-404.5
6,18639,168,-150
6,18690,5528,-155.5
6,18869,2312,-150
6,18870,632,-414.0
6,19078,704,-150
6,19217,3472,-190.0
6,19231,6704,-150
6,19232,216,-772.5
6,19268,1488,-970.5
6,19269,376,-764.0
6,19303,1240,-150
6,19758,16,-150
6,20438,2408,-304.0
6,20836,7704,-190.5
6,20881,6656,-150
6,21093,1736,-185.0
6,21175,3216,-150
6,21362,5216,-150
6,21486,208,-150
6,21514,16,-182.0
6,21622,16,-209.0
6,21631,1880,-274.0
6,21677,440,-1040.0
6,21787,16,-150
6,21903,16,-150
6,21911,824,-443.0
6,21918,216,-658.0
6,22098,16,-559.0
6,22205,1976,-150
6,22408,3112,-150
6,22529,1288,-160.5
6,22554,2552,-1258.0
6,22769,592,-150
6,22924,1344,-544.0
6,23087,1616,-150
6,23144,3312,-446.5
6,23177,1768,-354.0
6,23272,648,-150
6,23561,16,-150
6,23594,24,-233.5
6,23664,16,-367.5
6,23778,5536,-572.0
6,24005,192,-418.0
6,24075,72,-223.0
6,24114,3216,-578.5
6,24157,16,-231.0
6,24207,5624,-700.5
6,24302,664,-150
6,24329,1400,-661.0
6,24404,1792,-150
6,24446,24,-150
6,24583,2504,-150
6,24592,824,-150
6,24620,2544,-492.0
6,25001,24,-150
6,25194,2872,-150
6,25427,16,-150
6,25680,344,-472.0
6,25772,16,-150
6,25870,2680,-164.0
6,25946,1712,-150
6,26064,4584,-174.0
6,26092,16,-204.0
6,26122,16,-234.5
6,26181,1952,-150
6,26225,176,-434.5
6,26230,664,-365.5
6,26398,8088,-175.0
6,26455,16,-196.0
6,26636,24,-150
6,26648,920,-296.5
6,26654,16,-150
6,26676,2552,-150
6,26733,24,-150
6,26810,16,-302.5
6,27041,2288,-150
6,27193,1536,-150
6,27257,56,-756.0
6,27290,1976,-150
6,27413,1624,-423.5
6,27456,1032,-424.5
6,27730,32,-150
6,27851,16,-150
6,27910,1280,-150
6,28241,2080,-396.5
6,28338,24,-150
6,28393,672,-651.0
6,28580,7432,-150
6,28617,1136,-467.5
6,28631,336,-580.5
6,28711,1784,-406.5
6,28933,416,-150
6,29152,5824,-150
6,29283,8592,-150
6,29502,584,-150
6,29503,2360,-150
6,29701,4944,-150
6,29706,16,-199.5
6,29851,5832,-516.5
6,29880,16,-150
6,29993,3160,-353.0
6,30257,24,-178.0
6,30507,1104,-150
6,30508,488,-150
6,30833,32,-199.0
6,30868,1752,-160.5
6,30888,5320,-150
6,30974,4024,-273.5
6,31100,648,-150
6,31171,2680,-326.0
6,31270,152,-291.5
6,31313,288,-409.5
6,31456,1056,-150
6,31463,592,-227.0
6,31479,2816,-448.5
6,31645,1128,-150
6,31671,528,-396.5
6,31716,16,-150
6,31843,1440,-293.0
6,32152,16,-186.5
6,32194,3216,-150
6,32519,24,-150
6,32521,792,-181.5
6,32540,376,-150
6,32616,3744,-1213.5
6,32669,3248,-150
6,33100,8704,-150
6,33264,16,-235.0
6,33311,192,-150
6,33360,3944,-150
6,33422,3872,-183.5
6,33651,1232,-216.0
6,34345,16,-218.5
6,34495,2064,-305.5
6,34508,2800,-150
6,34550,2576,-687.0
6,34632,416,-150
6,34687,1464,-150
6,34827,1968,-207.0
6,34914,2656,-436.0
6,35054,688,-150
6,35076,3032,-150
6,35096,920,-236.0
6,35216,3072,-150
6,35357,216,-250.0
6,35361,1040,-648.0
6,35401,1256,-150
6,35430,24,-196.0
6,35581,1384,-229.5
6,35960,6680,-150
6,36019,24,-158.5
6,36041,1808,-150
6,36099,1032,-387.0
6,36371,16,-162.0
6,36409,7344,-366.0
6,36548,16,-246.5
6,36692,144,-355.0
6,36694,96,-501.0
6,36808,16,-150
6,37204,3896,-150
6,37361,1048,-316.0
6,37495,2608,-150
6,37959,24,-150
6,38062,208,-268.5
6,38066,2408,-150
6,38106,24,-207.0
6,38146,1152,-150
6,38416,16,-150
6,38466,16,-150
6,38631,16,-150
6,38688,80,-177.5
6,38803,1200,-150
6,39065,2232,-150
6,39229,2320,-188.0
6,39253,16,-246.5
6,39329,688,-150
6,39402,16,-150
6,39584,3496,-157.5
6,39902,888,-256.5
6,40116,4440,-150
6,40154,16,-150
6,40341,4872,-150
6,40763,2720,-150
6,40853,928,-672.0
6,40922,2040,-317.5
6,40982,936,-692.0
6,41249,24,-151.0
6,41326,808,-305.0
6,41373,2920,-150
6,41450,3848,-184.5
6,41605,16,-168.5
6,41696,16,-150
6,41948,5816,-2002.5
6,42156,2272,-150
6,42265,32,-150
6,42281,1056,-150
6,42306,3872,-163.5
6,42473,3760,-250.5
6,43010,320,-217.5
6,43061,3416,-175.5
6,43143,24,-150
6,43192,2840,-150
6,43202,24,-354.0
6,43211,648,-342.5
6,43334,16,-150
6,43570,8440,-150
6,43681,16,-150
6,43774,2160,-150
6,43781,24,-184.5
6,43930,1200,-633.0
6,44218,16,-150
6,44524,640,-278.0
6,44599,1176,-150
6,44647,80,-150
6,44821,2728,-498.5
6,44845,1824,-150
6,44941,2320,-150
6,44974,16,-150
6,45026,16,-150
6,45138,3672,-365.0
6,45352,7960,-150
6,45359,272,-150
6,45479,4000,-150
6,45501,120,-166.5
6,45534,1408,-150
6,45581,416,-484.5
6,45799,1200,-547.0
6,45849,7800,-150
6,45872,3568,-150
6,45915,6232,-371.0
6,46039,7376,-150
6,46211,2904,-518.0
6,46339,16,-546.5
6,46546,544,-738.5
6,46586,512,-150
6,46594,864,-478.5
6,46612,384,-150
6,46751,712,-166.0
6,46878,16,-150
6,46968,6384,-297.5
6,47131,40,-150
6,47204,32,-150
6,47261,8336,-150
6,47319,32,-150
6,47346,16,-218.5
6,47362,1856,-340.0
6,47542,2112,-150
6,47577,2312,-150
6,47590,4784,-199.5
6,47762,344,-296.5
6,47799,6696,-218.0
6,47877,752,-150
6,48074,24,-243.5
6,48241,488,-313.5
6,48596,16,-207.5
6,48624,224,-269.5
6,48643,4224,-150
6,48815,24,-150
6,48818,1576,-150
6,48877,72,-158.0
6,48997,1144,-156.5
6,49071,1904,-234.5
6,49559,24,-150
6,49578,696,-273.0
6,49589,664,-300.0
6,49628,24,-185.5
6,49700,7176,-196.0
6,49728,1256,-150
6,49917,1664,-206.0
6,49941,16,-150
6,50182,6760,-203.5
6,50216,16,-172.0
6,50514,24,-150
6,50646,1192,-357.5
6,50708,776,-150
6,50733,2136,-150
6,50774,520,-350.5
6,50912,16,-621.5
6,50964,1008,-316.5
6,50974,1664,-150
6,51062,16,-150
6,51282,4232,-150
6,51382,1656,-150
6,51580,1272,-150
6,51633,24,-150
6,51701,136,-150
6,51831,16,-187.0
6,52072,2288,-150
6,52104,312,-371.5
6,52266,1336,-150
6,52475,24,-151.0
6,52561,760,-150
6,53175,240,-361.5
6,53281,3176,-492.0
6,53369,2880,-636.5
6,53857,560,-198.5
6,53924,912,-192.5
6,53977,1104,-160.5
6,54073,2112,-150
6,54233,720,-631.5
6,54552,16,-150
6,54713,2104,-835.0
6,54832,16,-228.5
6,55090,1776,-150
6,55092,2744,-199.5
6,55297,1688,-249.0
6,55410,16,-150
6,55602,16,-150
6,55700,1568,-313.0
6,56137,552,-542.0
6,56280,1872,-169.5
6,56293,4648,-151.0
6,56936,16,-225.0
6,56945,2640,-210.0
6,57034,1808,-150
6,57139,560,-150
6,57153,1024,-215.0
6,57284,16,-209.0
6,57500,640,-150
6,57599,24,-168.0
6,57671,3000,-220.5
6,57925,7392,-150
6,58020,1080,-252.0
6,58040,352,-150
6,58410,16,-150
6,58414,7168,-150
6,58634,136,-243.0
6,58743,24,-239.0
6,58865,5280,-183.0
6,59209,1136,-407.0
6,59336,16,-150
6,59991,808,-392.5
6,60199,16,-150
6,60325,3112,-243.0
